file1,file2
input/4A/101036360,input/4A/117364748
input/4A/101036360,input/4A/127473352
input/4A/101036360,input/4A/134841308
input/4A/101036360,input/4A/173077807
input/4A/101036360,input/4A/48762087
input/4A/101036360,input/4A/84822638
input/4A/101036360,input/4A/84822639
input/4A/117364748,input/4A/127473352
input/4A/117364748,input/4A/134841308
input/4A/117364748,input/4A/173077807
input/4A/117364748,input/4A/48762087
input/4A/117364748,input/4A/84822638
input/4A/117364748,input/4A/84822639
input/4A/127473352,input/4A/173077807
input/4A/127473352,input/4A/48762087
input/4A/127473352,input/4A/84822638
input/4A/127473352,input/4A/84822639
input/4A/134841308,input/4A/173077807
input/4A/134841308,input/4A/48762087
input/4A/134841308,input/4A/84822638
input/4A/134841308,input/4A/84822639
input/4A/173077807,input/4A/48762087
input/4A/48762087,input/4A/84822638
input/4A/48762087,input/4A/84822639
input/50A/138805414,input/50A/164831265
input/50A/138805414,input/50A/21715601
input/50A/138805414,input/50A/29019948
input/50A/138805414,input/50A/31034693
input/50A/138805414,input/50A/33794240
input/50A/138805414,input/50A/36641065
input/50A/138805414,input/50A/45851050
input/50A/142890373,input/50A/164831265
input/50A/142890373,input/50A/21715601
input/50A/142890373,input/50A/29019948
input/50A/142890373,input/50A/31034693
input/50A/142890373,input/50A/33794240
input/50A/142890373,input/50A/36641065
input/50A/142890373,input/50A/45851050
input/50A/164831265,input/50A/21508887
input/50A/164831265,input/50A/21508898
input/50A/164831265,input/50A/30534178
input/50A/164831265,input/50A/45851050
input/50A/21508887,input/50A/21715601
input/50A/21508887,input/50A/29019948
input/50A/21508887,input/50A/31034693
input/50A/21508887,input/50A/33794240
input/50A/21508887,input/50A/36641065
input/50A/21508887,input/50A/45851050
input/50A/21508898,input/50A/21715601
input/50A/21508898,input/50A/29019948
input/50A/21508898,input/50A/31034693
input/50A/21508898,input/50A/33794240
input/50A/21508898,input/50A/36641065
input/50A/21508898,input/50A/45851050
input/50A/21715601,input/50A/30534178
input/50A/21715601,input/50A/45851050
input/50A/29019948,input/50A/30534178
input/50A/29019948,input/50A/45851050
input/50A/30534178,input/50A/31034693
input/50A/30534178,input/50A/33794240
input/50A/30534178,input/50A/36641065
input/50A/30534178,input/50A/45851050
input/50A/31034693,input/50A/45851050
input/50A/33794240,input/50A/45851050
input/50A/36641065,input/50A/45851050
